{"cameraMode":{"drawMode":0,"name":"Shaded","section":"Shading Mode"},"sceneLighting":false,"audioPlay":false,"sceneViewState":{"showFog":true,"showMaterialUpdate":false,"showSkybox":true,"showFlares":true,"showImageEffects":true,"showParticleSystems":true},"in2DMode":false,"pivot":{"x":-0.40089935064315798,"y":1.0771684646606446,"z":0.37425869703292849},"rotation":{"x":0.19866721332073213,"y":0.6097140908241272,"z":-0.16147778928279878,"w":0.75013667345047},"size":6.9812541007995609,"orthographic":false}